{"artifacts/data/input/input18.jpg": {"OAHOV": 0.8852834701538086}, "artifacts/data/input/input24.jpg": {"UHVFO": 0.9379323124885559}, "artifacts/data/input/input19.jpg": {"518VE": 0.9070330858230591}, "artifacts/data/input/input22.jpg": {"HOE91": 0.9049724340438843}, "artifacts/data/input/input23.jpg": {"WELXV": 0.8834600448608398}, "artifacts/data/input/input21.jpg": {"CL69V": 0.9875895380973816}, "artifacts/data/input/input09.jpg": {"ZGJS3": 0.8687130212783813}, "artifacts/data/input/input08.jpg": {"N9DQS": 0.9259840846061707}, "artifacts/data/input/input20.jpg": {"297ME": 0.948093593120575}, "artifacts/data/input/input05.jpg": {"01R7Q": 0.881709098815918}, "artifacts/data/input/input11.jpg": {"J14DM": 0.9679682850837708}, "artifacts/data/input/input10.jpg": {"GZMBA": 0.9949631690979004}, "artifacts/data/input/input04.jpg": {"VL12C": 0.822262167930603}, "artifacts/data/input/input12.jpg": {"PQ9AE": 0.8255406618118286}, "artifacts/data/input/input06.jpg": {"OYTAD": 0.8931319117546082}, "artifacts/data/input/input100.jpg": {"YMB10": 0.9314901232719421}, "artifacts/data/input/input07.jpg": {"ZRMQU": 0.9035197496414185}, "artifacts/data/input/input13.jpg": {"VWZDO": 0.8952242136001587}, "artifacts/data/input/input17.jpg": {"20BHQ": 0.9425359964370728}, "artifacts/data/input/input03.jpg": {"J6270": 0.7986539602279663}, "artifacts/data/input/input02.jpg": {"605W1": 0.9343223571777344}, "artifacts/data/input/input16.jpg": {"1D2KB": 0.9277571439743042}, "artifacts/data/input/input00.jpg": {"EGYKA": 0.9387067556381226}, "artifacts/data/input/input14.jpg": {"WGST7": 0.8189050555229187}, "artifacts/data/input/input15.jpg": {"XKMS2": 0.9433645009994507}, "artifacts/data/input/input01.jpg": {"GRC35": 0.9941871762275696}}